"Data","Último","Abertura","Máxima","Mínima","Vol.","Var%"
"29.02.2024","129.000","130.155","130.155","128.859","6,11M","-0,89%"
"28.02.2024","130.155","131.685","131.685","129.771","9,05M","-1,16%"
"27.02.2024","131.689","129.613","131.696","129.613","10,05M","1,61%"
"26.02.2024","129.609","129.417","129.978","129.077","7,44M","0,15%"
"23.02.2024","129.419","130.240","130.624","129.077","9,23M","-0,63%"
"22.02.2024","130.241","130.035","130.829","129.971","10,77M","0,16%"
"21.02.2024","130.032","129.916","130.034","129.359","12,59M","0,09%"
"20.02.2024","129.916","129.033","129.916","128.326","12,24M","0,68%"
"19.02.2024","129.036","128.720","129.036","128.097","5,80M","0,24%"
"16.02.2024","128.726","127.809","129.069","127.653","10,12M","0,72%"
"15.02.2024","127.804","127.018","127.824","126.932","10,98M","0,62%"
"14.02.2024","127.018","128.026","128.026","126.663","7,75M","-0,79%"
"09.02.2024","128.026","128.216","128.896","127.579","12,12M","-0,15%"
"08.02.2024","128.217","129.950","130.126","127.912","13,63M","-1,33%"
"07.02.2024","129.950","130.412","130.552","129.426","15,43M","-0,36%"
"06.02.2024","130.416","127.593","130.417","127.593","13,78M","2,21%"
"05.02.2024","127.593","127.182","127.834","126.443","9,64M","0,32%"
"02.02.2024","127.182","128.471","128.878","126.628","10,98M","-1,01%"
"01.02.2024","128.481","127.752","128.481","127.284","10,23M","0,57%"
"31.01.2024","127.752","127.402","129.558","127.326","12,50M","0,28%"
"30.01.2024","127.402","128.492","128.492","127.105","10,04M","-0,86%"
"29.01.2024","128.503","128.970","129.068","127.853","8,76M","-0,36%"
"26.01.2024","128.967","128.164","129.252","127.869","8,51M","0,62%"
"25.01.2024","128.169","127.815","128.697","127.803","8,76M","0,28%"
"24.01.2024","127.816","128.275","129.446","127.680","8,82M","-0,35%"
"23.01.2024","128.263","126.612","128.331","126.612","9,37M","1,31%"
"22.01.2024","126.602","127.636","127.843","126.118","9,51M","-0,81%"
"19.01.2024","127.636","127.319","127.820","126.533","11,96M","0,25%"
"18.01.2024","127.316","128.524","129.047","127.316","12,46M","-0,94%"
"17.01.2024","128.524","129.293","129.296","128.312","9,95M","-0,60%"
"16.01.2024","129.294","131.515","131.517","129.147","11,91M","-1,69%"
"15.01.2024","131.521","130.988","131.606","130.253","5,75M","0,96%"
"12.01.2024","130.265","130.652","131.927","130.265","390,93K","-0,29%"
"11.01.2024","130.649","130.841","131.308","129.898","9,76M","-0,15%"
"10.01.2024","130.841","131.447","131.628","130.438","8,96M","-0,46%"
"09.01.2024","131.447","132.424","132.426","131.203","9,29M","-0,74%"
"08.01.2024","132.427","132.023","132.498","131.015","8,50M","0,31%"
"05.01.2024","132.023","131.218","132.635","130.579","9,20M","0,61%"
"04.01.2024","131.226","132.831","132.885","131.024","8,97M","-1,21%"
"03.01.2024","132.834","132.697","133.576","132.250","8,70M","0,10%"
"02.01.2024","132.697","134.186","134.195","132.095","8,44M","-1,11%"
"28.12.2023","134.185","134.194","134.389","133.832","7,81M","-0,01%"
"27.12.2023","134.194","133.523","134.195","133.328","6,17M","0,49%"
"26.12.2023","133.533","132.753","133.645","132.753","5,15M","0,59%"
"22.12.2023","132.753","132.182","133.035","132.094","8,23M","0,43%"
"21.12.2023","132.182","130.826","132.277","130.822","8,68M","1,05%"
"20.12.2023","130.804","131.851","132.341","130.710","10,34M","-0,79%"
"19.12.2023","131.851","131.088","132.047","131.086","9,43M","0,59%"
"18.12.2023","131.084","130.202","131.447","130.198","9,60M","0,68%"
"15.12.2023","130.197","130.842","131.661","129.884","15,14M","-0,49%"
"14.12.2023","130.842","129.469","131.260","129.469","15,82M","1,06%"
"13.12.2023","129.465","126.406","129.793","126.299","15,07M","2,42%"
"12.12.2023","126.403","126.923","127.359","126.013","10,27M","-0,40%"
"11.12.2023","126.916","127.093","127.154","126.526","7,09M","-0,14%"
"08.12.2023","127.094","126.010","127.289","125.562","10,75M","0,86%"
"07.12.2023","126.010","125.623","126.581","125.566","10,51M","0,31%"
"06.12.2023","125.623","126.907","127.538","125.614","10,84M","-1,01%"
"05.12.2023","126.903","126.802","127.489","126.491","11,96M","0,08%"
"04.12.2023","126.803","128.183","128.183","126.643","10,27M","-1,08%"
"01.12.2023","128.185","127.331","128.185","126.656","13,70M","0,67%"
"30.11.2023","127.331","126.168","127.399","126.168","19,24M","0,92%"
"29.11.2023","126.166","126.541","127.388","126.018","12,42M","-0,29%"
"28.11.2023","126.538","125.726","126.916","125.388","12,39M","0,64%"
"27.11.2023","125.731","125.517","125.826","124.840","11,01M","0,17%"
"24.11.2023","125.517","126.553","126.553","125.341","9,61M","-0,84%"
"23.11.2023","126.576","126.035","126.760","125.764","7,82M","0,43%"
"22.11.2023","126.035","125.626","126.875","125.439","14,06M","0,33%"
"21.11.2023","125.626","125.957","125.957","125.060","10,79M","-0,26%"
"20.11.2023","125.957","124.773","126.162","124.773","11,11M","0,95%"
"17.11.2023","124.773","124.639","125.431","124.547","15,72M","0,11%"
"16.11.2023","124.639","123.165","124.737","123.165","18,36M","1,20%"
"14.11.2023","123.166","120.411","123.370","120.411","19,43M","2,29%"
"13.11.2023","120.410","120.561","120.606","119.878","11,20M","-0,13%"
"10.11.2023","120.568","119.036","120.823","119.036","11,75M","1,29%"
"09.11.2023","119.034","119.180","120.257","118.446","15,57M","-0,12%"
"08.11.2023","119.177","119.268","119.976","118.464","15,19M","-0,08%"
"07.11.2023","119.268","118.422","119.577","118.026","16,39M","0,71%"
"06.11.2023","118.431","118.160","118.758","118.045","10,17M","0,23%"
"03.11.2023","118.160","115.062","118.502","115.062","15,71M","2,70%"
"01.11.2023","115.053","113.157","115.433","113.157","13,90M","1,69%"
"31.10.2023","113.144","112.534","113.597","112.098","10,56M","0,54%"
"30.10.2023","112.532","113.303","114.204","112.309","9,74M","-0,68%"
"27.10.2023","113.301","114.777","115.342","112.953","12,29M","-1,29%"
"26.10.2023","114.777","112.840","114.886","112.840","12,77M","1,73%"
"25.10.2023","112.830","113.762","114.319","112.680","12,31M","-0,82%"
"24.10.2023","113.762","112.814","114.249","112.814","10,71M","0,87%"
"23.10.2023","112.785","113.145","113.680","112.164","10,70M","-0,33%"
"20.10.2023","113.155","113.996","114.090","112.533","11,74M","-0,74%"
"19.10.2023","114.004","114.059","115.063","113.768","11,50M","-0,05%"
"18.10.2023","114.060","115.907","115.907","113.952","15,49M","-1,60%"
"17.10.2023","115.908","116.526","116.917","115.564","10,37M","-0,54%"
"16.10.2023","116.534","115.760","116.905","115.760","8,99M","0,67%"
"13.10.2023","115.754","117.050","117.070","115.658","10,61M","-1,11%"
"11.10.2023","117.051","116.737","117.099","116.231","9,95M","0,27%"
"10.10.2023","116.737","115.158","116.900","115.158","11,62M","1,37%"
"09.10.2023","115.156","114.169","115.219","113.448","9,47M","0,86%"
"06.10.2023","114.170","113.283","114.491","111.599","13,14M","0,78%"
"05.10.2023","113.284","113.609","114.359","112.705","9,51M","-0,28%"
"04.10.2023","113.607","113.430","114.075","113.036","10,81M","0,17%"
"03.10.2023","113.419","115.055","115.056","113.151","11,10M","-1,42%"
"02.10.2023","115.057","116.565","116.672","114.761","8,52M","-1,29%"
"29.09.2023","116.565","115.742","116.899","115.742","11,14M","0,72%"
"28.09.2023","115.731","114.327","115.954","114.180","10,39M","1,23%"
"27.09.2023","114.327","114.193","115.340","113.366","13,36M","0,12%"
"26.09.2023","114.193","115.922","115.922","114.162","11,24M","-1,49%"
"25.09.2023","115.925","116.009","116.031","115.573","9,58M","-0,07%"
"22.09.2023","116.009","116.147","116.968","115.855","9,44M","-0,12%"
"21.09.2023","116.145","118.695","118.695","116.013","12,69M","-2,15%"
"20.09.2023","118.695","117.864","119.616","117.847","9,24M","0,72%"
"19.09.2023","117.846","118.288","118.458","117.628","11,45M","-0,37%"
"18.09.2023","118.288","118.759","119.486","118.123","11,27M","-0,40%"
"15.09.2023","118.758","119.393","119.780","118.666","16,11M","-0,53%"
"14.09.2023","119.392","118.181","119.748","118.181","13,28M","1,03%"
"13.09.2023","118.176","117.968","119.318","117.722","12,08M","0,18%"
"12.09.2023","117.968","116.885","118.154","116.885","9,19M","0,93%"
"11.09.2023","116.883","115.316","117.131","115.316","8,79M","1,36%"
"08.09.2023","115.313","115.979","115.979","114.839","8,36M","-0,58%"
"06.09.2023","115.985","117.331","117.971","115.984","9,92M","-1,15%"
"05.09.2023","117.331","117.776","117.957","116.637","10,87M","-0,38%"
"04.09.2023","117.777","117.893","118.576","117.590","5,53M","-0,10%"
"01.09.2023","117.893","115.744","117.991","115.744","11,89M","1,86%"
"31.08.2023","115.742","117.537","117.637","115.742","12,95M","-1,53%"
"30.08.2023","117.535","118.404","118.841","117.471","8,92M","-0,73%"
"29.08.2023","118.404","118.051","118.493","117.400","9,63M","1,10%"
"28.08.2023","117.121","115.838","117.253","115.836","9,60M","1,11%"
"25.08.2023","115.837","117.025","117.252","115.397","9,21M","-1,02%"
"24.08.2023","117.026","118.135","118.136","116.848","9,20M","-0,94%"
"23.08.2023","118.135","116.160","118.135","116.159","11,54M","1,70%"
"22.08.2023","116.156","114.433","116.286","114.433","9,83M","1,51%"
"21.08.2023","114.429","115.404","115.425","114.067","9,79M","-0,85%"
"18.08.2023","115.409","114.973","115.729","114.423","10,60M","0,37%"
"17.08.2023","114.982","115.592","116.610","114.859","12,75M","-0,53%"
"16.08.2023","115.592","116.171","117.338","115.534","18,86M","-0,50%"
"15.08.2023","116.171","116.809","117.697","116.033","14,64M","-0,55%"
"14.08.2023","116.810","118.067","118.082","116.530","11,20M","-1,06%"
"11.08.2023","118.065","118.350","119.054","117.415","11,87M","-0,24%"
"10.08.2023","118.350","118.412","119.438","118.113","12,69M","-0,05%"
"09.08.2023","118.409","119.090","119.090","117.901","11,25M","-0,57%"
"08.08.2023","119.090","119.378","119.553","117.492","10,25M","-0,24%"
"07.08.2023","119.380","119.509","120.104","118.894","8,73M","-0,11%"
"04.08.2023","119.508","120.586","121.442","119.215","15,07M","-0,89%"
"03.08.2023","120.586","120.859","122.619","120.365","13,03M","-0,23%"
"02.08.2023","120.859","121.249","121.252","119.798","10,57M","-0,32%"
"01.08.2023","121.248","121.945","121.945","120.154","10,30M","-0,57%"
"31.07.2023","121.943","120.188","122.149","120.188","10,12M","1,46%"
"28.07.2023","120.187","120.002","120.660","119.706","8,46M","0,16%"
"27.07.2023","119.990","122.560","122.599","119.825","10,68M","-2,10%"
"26.07.2023","122.560","122.003","122.747","121.370","9,99M","0,45%"
"25.07.2023","122.008","121.344","123.010","121.344","11,43M","0,55%"
"24.07.2023","121.342","120.220","121.772","120.099","10,49M","0,94%"
"21.07.2023","120.217","118.090","120.373","118.086","11,18M","1,81%"
"20.07.2023","118.083","117.558","118.290","117.484","8,99M","0,45%"
"19.07.2023","117.552","117.842","118.011","116.660","9,73M","-0,25%"
"18.07.2023","117.841","118.218","118.732","117.324","8,58M","-0,32%"
"17.07.2023","118.219","117.711","118.302","116.591","8,20M","0,43%"
"14.07.2023","117.711","119.268","119.329","117.526","8,98M","-1,30%"
"13.07.2023","119.264","117.671","119.739","117.668","9,26M","1,36%"
"12.07.2023","117.666","117.557","119.156","117.557","8,94M","0,38%"
"11.07.2023","117.220","117.942","117.942","115.704","10,59M","-0,61%"
"10.07.2023","117.942","118.897","118.897","117.814","8,10M","-0,80%"
"07.07.2023","118.898","117.427","119.549","117.427","10,52M","1,25%"
"06.07.2023","117.426","119.548","119.548","117.096","11,03M","-1,78%"
"05.07.2023","119.549","119.072","120.200","118.688","10,96M","0,40%"
"04.07.2023","119.076","119.673","119.678","118.830","6,56M","-0,50%"
"03.07.2023","119.673","118.092","119.877","118.092","8,91M","1,34%"
"30.06.2023","118.087","118.388","119.447","118.087","13,82M","-0,25%"
"29.06.2023","118.383","116.683","118.623","116.683","11,06M","1,46%"
"28.06.2023","116.681","117.524","117.937","116.560","10,65M","-0,72%"
"27.06.2023","117.523","118.246","119.212","116.561","13,08M","-0,61%"
"26.06.2023","118.243","118.977","119.148","117.491","10,46M","-0,62%"
"23.06.2023","118.977","118.959","119.386","118.178","12,85M","0,04%"
"22.06.2023","118.934","120.420","120.420","118.018","11,83M","-1,23%"
"21.06.2023","120.420","119.623","120.519","119.332","11,74M","0,67%"
"20.06.2023","119.622","119.858","119.858","118.416","10,92M","-0,20%"
"19.06.2023","119.858","118.757","119.939","118.558","6,78M","0,93%"
"16.06.2023","118.758","119.208","119.555","118.487","15,25M","-0,39%"
"15.06.2023","119.221","119.068","119.686","118.693","12,30M","0,13%"
"14.06.2023","119.069","116.753","119.085","116.745","16,94M","1,99%"
"13.06.2023","116.743","117.337","117.924","116.363","12,39M","-0,51%"
"12.06.2023","117.336","117.022","117.735","116.704","12,02M","0,27%"
"09.06.2023","117.019","115.489","117.603","115.489","13,53M","1,33%"
"07.06.2023","115.488","114.610","115.978","114.610","14,02M","0,77%"
"06.06.2023","114.610","112.697","114.783","112.696","15,03M","1,70%"
"05.06.2023","112.696","112.558","113.071","111.736","9,08M","0,12%"
"02.06.2023","112.558","110.568","113.070","110.567","14,55M","1,80%"
"01.06.2023","110.565","108.339","110.745","108.335","14,67M","2,06%"
"31.05.2023","108.335","108.967","109.137","108.193","15,86M","-0,58%"
"30.05.2023","108.967","110.333","111.291","108.552","11,59M","-1,24%"
"29.05.2023","110.333","110.906","111.168","110.195","5,91M","-0,52%"
"26.05.2023","110.906","110.058","111.706","109.900","11,02M","0,77%"
"25.05.2023","110.054","108.800","111.115","108.800","14,75M","1,15%"
"24.05.2023","108.800","109.920","109.920","108.546","12,98M","-1,03%"
"23.05.2023","109.929","110.213","111.325","109.713","12,33M","-0,26%"
"22.05.2023","110.213","110.745","111.643","110.178","11,77M","-0,48%"
"19.05.2023","110.745","110.113","111.211","109.787","16,14M","0,58%"
"18.05.2023","110.108","109.459","110.206","108.864","13,61M","0,59%"
"17.05.2023","109.460","108.194","109.774","108.188","13,99M","1,17%"
"16.05.2023","108.194","109.029","110.151","108.085","16,90M","-0,77%"
"15.05.2023","109.029","108.469","109.271","108.356","11,60M","0,52%"
"12.05.2023","108.464","108.256","108.817","107.497","11,92M","0,19%"
"11.05.2023","108.256","107.446","108.667","106.419","12,77M","0,75%"
"10.05.2023","107.448","107.114","107.744","106.538","13,58M","0,31%"
"09.05.2023","107.114","106.028","107.731","105.549","13,53M","1,01%"
"08.05.2023","106.042","105.161","106.716","105.161","13,26M","0,85%"
"05.05.2023","105.148","102.175","105.306","102.175","16,70M","2,91%"
"04.05.2023","102.174","101.798","103.321","101.063","14,84M","0,37%"
"03.05.2023","101.797","101.927","102.331","101.433","11,69M","-0,13%"
"02.05.2023","101.927","104.431","104.447","101.569","12,02M","-2,40%"
"28.04.2023","104.432","102.923","104.432","102.449","13,09M","1,47%"
"27.04.2023","102.923","102.310","103.177","101.975","11,30M","0,60%"
"26.04.2023","102.312","103.220","103.668","102.233","10,12M","-0,88%"
"25.04.2023","103.220","103.947","103.947","102.633","10,87M","-0,70%"
"24.04.2023","103.947","104.367","104.822","103.247","10,94M","-0,40%"
"20.04.2023","104.367","103.913","104.615","103.087","12,38M","0,44%"
"19.04.2023","103.913","106.149","106.149","103.604","12,71M","-2,12%"
"18.04.2023","106.163","106.023","106.475","105.122","11,21M","0,14%"
"17.04.2023","106.016","106.279","106.830","105.623","10,25M","-0,25%"
"14.04.2023","106.279","106.458","106.701","104.934","11,50M","-0,17%"
"13.04.2023","106.458","106.890","107.037","106.220","12,18M","-0,40%"
"12.04.2023","106.890","106.218","108.277","106.217","17,35M","0,64%"
"11.04.2023","106.214","101.849","106.455","101.848","18,73M","4,29%"
"10.04.2023","101.847","100.822","102.196","100.819","8,15M","1,02%"
"06.04.2023","100.822","100.978","101.628","100.443","9,82M","-0,15%"
"05.04.2023","100.978","101.869","101.960","99.898","13,26M","-0,88%"
"04.04.2023","101.869","101.505","103.056","101.505","11,70M","0,36%"
"03.04.2023","101.506","101.883","101.916","100.651","12,79M","-0,37%"
"31.03.2023","101.882","103.714","104.041","101.476","15,12M","-1,77%"
"30.03.2023","103.713","101.796","104.085","101.796","14,90M","1,89%"
"29.03.2023","101.793","101.185","102.213","100.248","12,46M","0,60%"
"28.03.2023","101.185","99.672","101.559","99.488","13,50M","1,52%"
"27.03.2023","99.670","98.833","99.997","98.833","9,99M","0,85%"
"24.03.2023","98.829","97.926","99.258","97.688","12,41M","0,92%"
"23.03.2023","97.926","100.221","101.126","96.997","15,66M","-2,29%"
"22.03.2023","100.221","100.998","101.888","100.129","11,50M","-0,77%"
"21.03.2023","100.998","100.923","101.670","100.923","9,67M","0,07%"
"20.03.2023","100.923","101.982","102.328","100.679","10,90M","-1,04%"
"17.03.2023","101.982","103.434","103.434","101.664","17,56M","-1,40%"
"16.03.2023","103.435","102.683","103.911","102.455","14,39M","0,74%"
"15.03.2023","102.675","102.930","103.048","100.692","15,25M","-0,25%"
"14.03.2023","102.932","103.121","104.153","102.482","13,13M","-0,18%"
"13.03.2023","103.121","103.608","103.907","102.255","12,99M","-0,48%"
"10.03.2023","103.618","105.071","105.071","103.201","17,95M","-1,38%"
"09.03.2023","105.071","106.540","106.724","105.053","19,17M","-1,38%"
"08.03.2023","106.540","104.228","106.721","104.228","15,90M","2,22%"
"07.03.2023","104.228","104.700","105.179","103.480","12,58M","-0,45%"
"06.03.2023","104.700","103.865","105.171","103.170","14,28M","0,80%"
"03.03.2023","103.866","103.326","104.440","103.323","13,10M","0,52%"
"02.03.2023","103.326","104.375","104.912","103.321","14,74M","-1,01%"
"01.03.2023","104.385","104.933","105.497","103.105","19,85M","-0,52%"
"28.02.2023","104.932","105.706","106.794","104.932","15,67M","-0,74%"
"27.02.2023","105.711","105.807","106.402","105.227","9,57M","-0,08%"
"24.02.2023","105.798","107.582","107.611","105.360","10,22M","-1,67%"
"23.02.2023","107.593","107.152","108.663","106.731","11,46M","0,41%"
"22.02.2023","107.152","109.174","109.174","106.720","9,36M","-1,85%"
"17.02.2023","109.177","109.941","109.941","108.968","10,06M","-0,70%"
"16.02.2023","109.941","109.599","110.437","108.378","13,00M","0,31%"
"15.02.2023","109.600","107.849","110.210","107.267","15,50M","1,62%"
"14.02.2023","107.849","108.839","109.564","107.557","11,89M","-0,91%"
"13.02.2023","108.836","108.074","109.193","107.420","9,97M","0,70%"
"10.02.2023","108.078","108.002","108.647","107.620","14,46M","0,07%"
"09.02.2023","108.008","109.952","110.046","107.767","12,96M","-1,77%"
"08.02.2023","109.951","107.832","110.175","107.830","13,84M","1,97%"
"07.02.2023","107.830","108.727","109.037","107.234","12,96M","-0,82%"
"06.02.2023","108.722","108.518","108.744","107.416","11,51M","0,18%"
"03.02.2023","108.523","110.141","110.570","108.185","13,24M","-1,47%"
"02.02.2023","110.141","112.072","112.943","109.747","15,24M","-1,72%"
"01.02.2023","112.074","113.430","113.598","110.729","17,82M","-1,20%"
"31.01.2023","113.431","112.273","113.691","112.145","12,90M","1,03%"
"30.01.2023","112.273","112.319","112.920","111.824","11,27M","-0,04%"
"27.01.2023","112.316","114.178","114.191","112.044","10,61M","-1,63%"
"26.01.2023","114.178","114.271","114.835","113.591","10,92M","-0,08%"
"25.01.2023","114.270","113.028","114.426","111.927","11,41M","1,10%"
"24.01.2023","113.028","111.746","113.040","111.669","11,55M","1,16%"
"23.01.2023","111.737","112.041","113.061","111.542","13,70M","-0,27%"
"20.01.2023","112.041","112.922","113.025","111.735","15,44M","-0,78%"
"19.01.2023","112.922","112.219","113.172","111.307","15,59M","0,62%"
"18.01.2023","112.228","111.442","113.306","111.441","14,13M","0,71%"
"17.01.2023","111.439","109.214","111.577","109.214","14,36M","2,04%"
"16.01.2023","109.213","110.908","110.908","108.753","12,51M","-1,54%"
"13.01.2023","110.916","111.843","111.847","110.428","15,94M","-0,84%"
"12.01.2023","111.850","112.516","113.129","110.982","19,84M","-0,59%"
"11.01.2023","112.517","110.816","112.552","110.752","14,46M","1,53%"
"10.01.2023","110.817","109.129","111.193","108.478","13,70M","1,55%"
"09.01.2023","109.130","108.964","109.938","108.134","12,05M","0,15%"
"06.01.2023","108.964","107.642","109.433","107.642","12,63M","1,23%"
"05.01.2023","107.641","105.336","107.743","105.333","15,51M","2,19%"
"04.01.2023","105.334","104.167","105.627","103.915","14,45M","1,12%"
"03.01.2023","104.166","106.377","106.684","103.852","14,47M","-2,08%"
"02.01.2023","106.376","109.734","109.734","105.981","8,13M","-3,06%"
"29.12.2022","109.735","110.237","111.178","109.560","13,39M","-0,46%"
"28.12.2022","110.237","108.578","110.536","108.578","11,19M","1,53%"
"27.12.2022","108.578","108.739","109.353","107.418","11,16M","-0,15%"
"26.12.2022","108.738","109.699","109.755","108.309","5,22M","-0,87%"
"23.12.2022","109.698","107.552","109.994","107.552","12,85M","2,00%"
"22.12.2022","107.552","107.436","108.383","106.510","11,49M","0,11%"
"21.12.2022","107.433","106.866","107.991","106.066","17,63M","0,53%"
"20.12.2022","106.864","104.740","107.792","104.607","19,13M","2,03%"
"19.12.2022","104.740","102.859","105.107","102.770","16,77M","1,83%"
"16.12.2022","102.856","103.737","104.018","102.248","18,26M","-0,85%"
"15.12.2022","103.738","103.739","105.483","103.014","15,57M","-0,01%"
"14.12.2022","103.746","103.536","104.516","101.632","24,92M","0,20%"
"13.12.2022","103.540","105.345","106.689","103.409","17,70M","-1,71%"
"12.12.2022","105.343","107.518","107.561","103.877","15,48M","-2,02%"
"09.12.2022","107.520","107.250","108.566","107.089","10,68M","0,25%"
"08.12.2022","107.249","109.068","109.286","106.906","14,92M","-1,67%"
"07.12.2022","109.069","110.188","110.247","108.612","13,83M","-1,02%"
"06.12.2022","110.189","109.403","110.663","109.217","13,44M","0,72%"
"05.12.2022","109.401","111.922","112.150","109.270","12,31M","-2,25%"
"02.12.2022","111.924","110.926","113.761","109.963","15,98M","0,90%"
"01.12.2022","110.926","112.479","112.479","110.548","15,19M","-1,39%"
"30.11.2022","112.486","110.910","112.486","110.202","19,70M","1,42%"
"29.11.2022","110.910","108.784","112.187","108.784","14,72M","1,96%"
"28.11.2022","108.782","108.977","109.476","108.378","11,49M","-0,18%"
"25.11.2022","108.977","111.831","112.025","108.552","12,31M","-2,55%"
"24.11.2022","111.831","108.846","112.612","108.846","10,30M","2,75%"
"23.11.2022","108.841","109.036","109.285","107.902","13,20M","-0,18%"
"22.11.2022","109.037","109.750","110.224","107.867","15,06M","-0,65%"
"21.11.2022","109.748","108.868","110.235","107.957","16,65M","0,81%"
"18.11.2022","108.870","109.706","111.585","108.512","18,77M","-0,76%"
"17.11.2022","109.703","110.241","110.242","107.245","23,12M","-0,49%"
"16.11.2022","110.243","113.166","113.473","109.512","18,35M","-2,58%"
"14.11.2022","113.161","112.256","114.322","111.930","15,08M","0,81%"
"11.11.2022","112.253","109.775","113.010","109.408","25,04M","2,26%"
"10.11.2022","109.775","113.579","113.579","108.516","26,03M","-3,35%"
"09.11.2022","113.580","116.153","116.183","113.110","20,53M","-2,22%"
"08.11.2022","116.160","115.340","117.072","114.688","14,24M","0,71%"
"07.11.2022","115.342","118.148","118.240","115.221","15,22M","-2,38%"
"04.11.2022","118.155","116.907","120.039","116.904","16,21M","1,08%"
"03.11.2022","116.896","116.927","117.373","114.485","15,63M","-0,03%"
"01.11.2022","116.929","116.037","118.261","115.547","17,97M","0,77%"
"31.10.2022","116.037","114.533","116.763","112.113","21,64M","1,31%"
"28.10.2022","114.539","114.636","114.712","113.336","14,39M","-0,09%"
"27.10.2022","114.641","112.766","116.236","112.765","15,53M","1,66%"
"26.10.2022","112.764","114.626","114.626","112.577","16,09M","-1,62%"
"25.10.2022","114.626","116.016","116.203","114.626","14,73M","-1,20%"
"24.10.2022","116.013","119.922","119.924","115.793","13,28M","-3,27%"
"21.10.2022","119.929","117.170","120.752","116.736","18,58M","2,35%"
"20.10.2022","117.171","116.276","117.367","116.276","16,92M","0,77%"
"19.10.2022","116.274","115.744","116.459","115.264","12,73M","0,46%"
"18.10.2022","115.743","113.627","115.795","113.627","14,74M","1,87%"
"17.10.2022","113.624","112.107","114.406","112.090","11,63M","1,38%"
"14.10.2022","112.072","114.301","114.712","111.631","13,10M","-1,95%"
"13.10.2022","114.300","114.819","115.367","112.690","14,58M","-0,46%"
"11.10.2022","114.827","115.928","115.928","114.297","13,14M","-0,96%"
"10.10.2022","115.941","116.377","116.841","115.261","11,43M","-0,37%"
"07.10.2022","116.375","117.560","117.960","115.924","13,62M","-1,01%"
"06.10.2022","117.561","117.200","118.382","117.144","14,52M","0,31%"
"05.10.2022","117.198","116.231","117.514","115.906","13,56M","0,83%"
"04.10.2022","116.230","116.147","118.280","115.837","16,08M","0,08%"
"03.10.2022","116.134","110.048","116.134","110.048","20,98M","5,54%"
"30.09.2022","110.037","107.664","110.502","107.315","16,54M","2,20%"
"29.09.2022","107.664","108.449","108.449","106.244","14,59M","-0,73%"
"28.09.2022","108.451","108.377","108.970","107.914","13,54M","0,07%"
"27.09.2022","108.376","109.122","110.161","108.120","14,52M","-0,68%"
"26.09.2022","109.114","111.713","111.713","109.022","13,13M","-2,33%"
"23.09.2022","111.716","114.070","114.070","110.732","13,54M","-2,06%"
"22.09.2022","114.070","111.942","114.392","111.819","15,68M","1,91%"
"21.09.2022","111.936","112.517","113.294","111.380","14,73M","-0,52%"
"20.09.2022","112.517","111.824","112.544","111.393","12,57M","0,62%"
"19.09.2022","111.824","109.283","111.976","108.508","12,59M","2,33%"
"16.09.2022","109.280","109.951","109.952","108.489","18,84M","-0,61%"
"15.09.2022","109.954","110.547","111.100","109.524","11,62M","-0,54%"
"14.09.2022","110.547","110.794","111.504","110.118","11,63M","-0,22%"
"13.09.2022","110.794","113.398","113.400","110.522","12,61M","-2,30%"
"12.09.2022","113.407","112.307","114.160","112.305","11,71M","0,98%"
"09.09.2022","112.300","109.922","112.540","109.922","12,16M","2,17%"
"08.09.2022","109.916","109.771","110.768","108.619","13,76M","0,14%"
"06.09.2022","109.764","112.203","112.203","109.348","14,30M","-2,17%"
"05.09.2022","112.203","110.868","112.671","110.865","9,52M","1,21%"
"02.09.2022","110.864","110.409","112.264","110.409","16,69M","0,42%"
"01.09.2022","110.405","109.524","110.405","108.217","14,48M","0,81%"
"31.08.2022","109.523","110.431","111.364","109.523","14,79M","-0,82%"
"30.08.2022","110.431","112.323","112.869","110.103","11,94M","-1,68%"
"29.08.2022","112.323","112.296","113.222","111.689","9,80M","0,02%"
"26.08.2022","112.299","113.533","114.091","111.978","11,16M","-1,09%"
"25.08.2022","113.532","112.898","114.156","112.768","11,84M","0,56%"
"24.08.2022","112.898","112.856","113.888","112.632","13,76M","0,04%"
"23.08.2022","112.857","110.504","112.965","110.503","11,89M","2,13%"
"22.08.2022","110.501","111.487","111.487","109.858","11,01M","-0,89%"
"19.08.2022","111.496","113.807","113.807","111.146","12,68M","-2,04%"
"18.08.2022","113.813","113.708","114.375","113.304","10,64M","0,09%"
"17.08.2022","113.708","113.508","114.146","112.483","14,65M","0,17%"
"16.08.2022","113.512","113.034","113.626","112.690","12,99M","0,43%"
"15.08.2022","113.032","112.767","113.214","111.067","15,55M","0,24%"
"12.08.2022","112.764","109.718","112.764","109.718","18,70M","2,78%"
"11.08.2022","109.718","110.236","111.310","109.604","14,94M","-0,47%"
"10.08.2022","110.236","108.658","110.362","108.657","13,38M","1,46%"
"09.08.2022","108.651","108.403","109.331","107.842","12,15M","0,23%"
"08.08.2022","108.402","106.473","108.489","106.473","12,67M","1,81%"
"05.08.2022","106.472","105.893","107.176","105.518","12,95M","0,55%"
"04.08.2022","105.892","103.777","106.162","103.777","15,50M","2,04%"
"03.08.2022","103.775","103.362","103.878","102.822","12,38M","0,40%"
"02.08.2022","103.362","102.225","103.660","101.694","10,12M","1,11%"
"01.08.2022","102.225","103.165","103.317","101.764","11,63M","-0,91%"
"29.07.2022","103.165","102.597","103.989","102.514","12,93M","0,55%"
"28.07.2022","102.597","101.437","102.686","101.045","11,13M","1,14%"
"27.07.2022","101.438","99.773","101.471","99.772","10,26M","1,67%"
"26.07.2022","99.772","100.270","100.753","99.365","9,14M","-0,50%"
"25.07.2022","100.270","98.926","100.508","98.925","8,62M","1,36%"
"22.07.2022","98.925","99.034","99.724","98.321","10,03M","-0,11%"
"21.07.2022","99.033","98.286","99.057","97.088","10,06M","0,76%"
"20.07.2022","98.287","98.244","98.366","97.277","12,94M","0,04%"
"19.07.2022","98.245","96.920","98.346","96.917","10,30M","1,37%"
"18.07.2022","96.916","96.553","98.291","96.553","10,74M","0,38%"
"15.07.2022","96.551","96.119","96.971","95.267","11,35M","0,45%"
"14.07.2022","96.121","97.879","97.879","95.431","12,58M","-1,80%"
"13.07.2022","97.881","98.258","98.928","97.403","12,21M","-0,40%"
"12.07.2022","98.271","98.212","98.737","97.253","12,57M","0,06%"
"11.07.2022","98.212","100.282","100.282","97.854","8,89M","-2,07%"
"08.07.2022","100.289","100.732","101.577","99.958","9,73M","-0,44%"
"07.07.2022","100.730","98.722","101.420","98.722","12,70M","2,04%"
"06.07.2022","98.719","98.294","99.141","97.423","13,35M","0,43%"
"05.07.2022","98.295","98.608","98.608","96.499","13,36M","-0,32%"
"04.07.2022","98.609","98.952","99.353","98.264","6,28M","-0,35%"
"01.07.2022","98.954","98.542","99.340","97.231","11,61M","0,42%"
"30.06.2022","98.542","99.619","99.619","97.758","14,59M","-1,08%"
"29.06.2022","99.622","100.592","101.313","99.218","10,45M","-0,96%"
"28.06.2022","100.591","100.766","102.237","99.956","10,49M","-0,17%"
"27.06.2022","100.764","98.673","101.106","98.672","9,90M","2,12%"
"24.06.2022","98.672","98.081","99.313","98.031","10,35M","0,60%"
"23.06.2022","98.080","99.523","100.232","97.775","12,41M","-1,45%"
"22.06.2022","99.522","99.678","100.374","98.050","11,68M","-0,16%"
"21.06.2022","99.685","99.854","101.069","99.167","11,07M","-0,17%"
"20.06.2022","99.853","99.824","100.481","98.409","10,90M","0,03%"
"17.06.2022","99.825","102.800","102.801","98.402","18,93M","-2,90%"
"15.06.2022","102.807","102.068","103.952","102.046","16,02M","0,73%"
"14.06.2022","102.063","102.598","103.328","101.325","11,56M","-0,52%"
"13.06.2022","102.598","105.476","105.478","101.700","13,84M","-2,73%"
"10.06.2022","105.481","107.091","107.092","104.648","12,84M","-1,51%"
"09.06.2022","107.094","108.367","108.510","107.068","11,96M","-1,18%"
"08.06.2022","108.368","110.067","110.142","108.045","10,38M","-1,55%"
"07.06.2022","110.070","110.185","110.435","109.394","9,47M","-0,11%"
"06.06.2022","110.186","111.102","111.935","110.015","8,21M","-0,82%"
"03.06.2022","111.102","112.392","112.392","110.935","8,76M","-1,15%"
"02.06.2022","112.393","111.363","112.709","111.218","10,05M","0,93%"
"01.06.2022","111.360","111.351","111.931","110.822","9,79M","0,01%"
"31.05.2022","111.351","111.036","111.903","110.685","15,81M","0,29%"
"30.05.2022","111.032","111.944","112.690","110.655","7,28M","-0,81%"
"27.05.2022","111.942","111.890","112.441","111.558","9,98M","0,05%"
"26.05.2022","111.890","110.577","112.102","110.388","13,08M","1,18%"
"25.05.2022","110.580","110.580","111.006","109.699","10,74M","0,00%"
"24.05.2022","110.581","110.340","110.635","108.399","11,72M","0,21%"
"23.05.2022","110.346","108.500","110.680","108.500","10,69M","1,71%"
"20.05.2022","108.488","107.056","108.795","107.056","12,87M","1,39%"
"19.05.2022","107.005","106.249","107.420","105.760","11,43M","0,71%"
"18.05.2022","106.247","108.788","108.923","106.038","14,75M","-2,34%"
"17.05.2022","108.789","108.246","109.774","108.245","16,50M","0,51%"
"16.05.2022","108.233","106.925","108.795","106.852","10,60M","1,22%"
"13.05.2022","106.924","105.691","107.773","105.691","12,37M","1,17%"
"12.05.2022","105.688","104.395","105.708","103.579","14,00M","1,24%"
"11.05.2022","104.397","103.110","105.374","103.008","13,43M","1,25%"
"10.05.2022","103.110","103.251","104.286","102.386","13,51M","-0,14%"
"09.05.2022","103.250","105.109","105.109","102.768","13,20M","-1,79%"
"06.05.2022","105.135","105.303","106.268","103.984","14,14M","-0,16%"
"05.05.2022","105.304","108.337","108.337","103.923","13,83M","-2,81%"
"04.05.2022","108.344","106.529","108.382","104.933","14,56M","1,70%"
"03.05.2022","106.528","106.640","107.127","106.033","9,94M","-0,10%"
"02.05.2022","106.639","107.876","107.884","105.218","11,94M","-1,15%"
"29.04.2022","107.876","109.922","111.819","107.876","13,66M","-1,86%"
"28.04.2022","109.919","109.349","110.702","108.905","11,13M","0,52%"
"27.04.2022","109.349","108.214","110.107","108.214","11,52M","1,05%"
"26.04.2022","108.213","110.684","110.685","107.978","11,75M","-2,23%"
"25.04.2022","110.685","111.077","111.155","109.222","11,10M","-0,35%"
"22.04.2022","111.078","114.343","114.343","110.591","10,88M","-2,86%"
"20.04.2022","114.344","115.057","115.057","113.945","10,75M","-0,62%"
"19.04.2022","115.057","115.687","115.687","114.277","10,54M","-0,55%"
"18.04.2022","115.687","116.182","116.191","115.177","8,40M","-0,43%"
"14.04.2022","116.182","116.781","116.781","115.624","10,37M","-0,51%"
"13.04.2022","116.782","116.150","117.329","116.150","12,07M","0,55%"
"12.04.2022","116.147","116.963","118.615","116.054","11,41M","-0,69%"
"11.04.2022","116.953","118.320","118.320","116.953","9,56M","-1,16%"
"08.04.2022","118.322","118.861","118.868","117.487","11,23M","-0,45%"
"07.04.2022","118.862","118.226","119.247","117.509","11,52M","0,54%"
"06.04.2022","118.228","118.885","118.885","116.791","13,41M","-0,55%"
"05.04.2022","118.885","121.279","121.628","118.794","11,79M","-1,97%"
"04.04.2022","121.280","121.569","121.570","120.754","8,81M","-0,24%"
"01.04.2022","121.570","120.001","121.579","120.001","13,78M","1,31%"
"31.03.2022","119.999","120.261","120.880","119.999","11,20M","-0,22%"
"30.03.2022","120.260","120.013","120.531","119.775","10,89M","0,20%"
"29.03.2022","120.014","118.740","120.900","118.740","12,93M","1,07%"
"28.03.2022","118.738","119.082","119.444","118.061","9,17M","-0,29%"
"25.03.2022","119.081","119.062","119.729","118.548","13,81M","0,02%"
"24.03.2022","119.053","117.460","119.256","117.151","13,47M","1,36%"
"23.03.2022","117.457","117.270","118.270","117.036","11,08M","0,16%"
"22.03.2022","117.272","116.157","117.541","116.157","11,38M","0,96%"
"21.03.2022","116.155","115.307","116.360","115.208","10,38M","0,73%"
"18.03.2022","115.311","113.076","115.311","112.475","19,55M","1,98%"
"17.03.2022","113.076","111.113","113.088","111.070","14,41M","1,77%"
"16.03.2022","111.112","108.958","111.183","108.958","13,21M","1,98%"
"15.03.2022","108.959","109.925","109.925","107.781","13,65M","-0,88%"
"14.03.2022","109.928","111.716","112.299","109.717","10,48M","-1,60%"
"11.03.2022","111.713","113.664","114.627","111.332","12,48M","-1,72%"
"10.03.2022","113.663","113.900","113.939","111.889","12,98M","-0,21%"
"09.03.2022","113.900","111.210","114.051","111.207","14,71M","2,43%"
"08.03.2022","111.203","111.594","112.390","110.969","15,70M","-0,35%"
"07.03.2022","111.593","114.469","114.529","111.140","14,06M","-2,52%"
"04.03.2022","114.474","115.166","115.166","113.389","10,72M","-0,60%"
"03.03.2022","115.166","115.173","115.948","115.010","12,12M","-0,01%"
"02.03.2022","115.174","113.143","115.429","113.143","10,70M","1,80%"
"25.02.2022","113.142","111.591","113.142","110.673","17,56M","1,39%"
"24.02.2022","111.592","112.001","112.001","109.125","16,79M","-0,37%"
"23.02.2022","112.008","112.892","113.721","111.748","12,12M","-0,78%"
"22.02.2022","112.892","111.727","113.315","111.727","12,71M","1,04%"
"21.02.2022","111.725","112.880","113.405","111.608","7,86M","-1,02%"
"18.02.2022","112.880","113.534","114.213","112.701","11,30M","-0,57%"
"17.02.2022","113.528","115.181","115.214","113.389","10,81M","-1,43%"
"16.02.2022","115.181","114.830","115.734","114.816","12,05M","0,31%"
"15.02.2022","114.828","113.905","114.828","113.882","11,65M","0,82%"
"14.02.2022","113.899","113.643","114.167","113.358","10,76M","0,29%"
"11.02.2022","113.572","113.368","114.899","113.128","18,60M","0,18%"
"10.02.2022","113.368","112.462","113.812","112.163","13,27M","0,81%"
"09.02.2022","112.461","112.233","113.163","111.710","13,79M","0,20%"
"08.02.2022","112.234","111.995","112.251","110.943","10,16M","0,21%"
"07.02.2022","111.996","112.247","112.517","111.490","10,67M","-0,22%"
"04.02.2022","112.245","111.696","112.415","110.321","11,46M","0,49%"
"03.02.2022","111.696","111.897","112.502","111.225","11,04M","-0,18%"
"02.02.2022","111.894","113.228","113.666","111.645","11,75M","-1,18%"
"01.02.2022","113.228","112.143","113.302","112.135","11,13M","0,97%"
"31.01.2022","112.144","111.910","112.678","111.195","12,19M","0,21%"
"28.01.2022","111.910","112.611","112.969","111.407","13,52M","-0,62%"
"27.01.2022","112.612","111.303","113.057","111.303","14,81M","1,19%"
"26.01.2022","111.289","110.207","112.695","110.204","15,51M","0,98%"
"25.01.2022","110.204","107.935","110.711","107.185","13,71M","2,10%"
"24.01.2022","107.937","108.941","108.948","106.624","12,70M","-0,92%"
"21.01.2022","108.942","109.097","109.786","108.368","13,41M","-0,15%"
"20.01.2022","109.102","108.015","109.873","108.015","13,63M","1,01%"
"19.01.2022","108.013","106.670","108.602","106.669","12,60M","1,26%"
"18.01.2022","106.668","106.369","107.013","105.786","11,22M","0,28%"
"17.01.2022","106.374","106.927","106.928","106.097","6,92M","-0,52%"
"14.01.2022","106.928","105.530","107.062","105.028","11,46M","1,33%"
"13.01.2022","105.530","105.686","106.251","104.974","11,71M","-0,15%"
"12.01.2022","105.686","103.779","105.869","103.771","13,03M","1,84%"
"11.01.2022","103.779","101.946","103.780","101.918","12,42M","1,80%"
"10.01.2022","101.945","102.719","102.719","101.038","10,26M","-0,75%"
"07.01.2022","102.719","101.561","102.719","101.104","11,73M","1,14%"
"06.01.2022","101.561","101.006","102.235","101.000","11,75M","0,55%"
"05.01.2022","101.006","103.514","103.514","100.850","12,88M","-2,42%"
"04.01.2022","103.514","103.922","104.276","103.096","11,49M","-0,39%"
"03.01.2022","103.922","104.823","106.125","103.413","11,13M","-0,86%"
"30.12.2021","104.822","104.106","105.269","104.106","11,14M","0,69%"
"29.12.2021","104.107","104.863","105.190","103.851","6,59M","-0,72%"
"28.12.2021","104.864","105.555","105.652","104.503","7,51M","-0,65%"
"27.12.2021","105.554","104.892","105.694","104.798","7,59M","0,63%"
"23.12.2021","104.891","105.251","105.453","104.637","7,28M","-0,33%"
"22.12.2021","105.244","105.499","105.711","104.386","8,05M","-0,24%"
"21.12.2021","105.500","105.020","105.906","105.020","9,04M","0,46%"
"20.12.2021","105.020","107.171","107.171","104.358","10,57M","-2,03%"
"17.12.2021","107.201","108.324","108.324","106.518","14,93M","-1,04%"
"16.12.2021","108.326","107.433","109.034","107.433","13,75M","0,83%"
"15.12.2021","107.431","106.763","107.603","105.697","12,66M","0,63%"
"14.12.2021","106.760","107.387","109.148","106.445","11,60M","-0,58%"
"13.12.2021","107.383","107.758","109.493","107.383","12,51M","-0,35%"
"10.12.2021","107.758","106.296","108.275","106.296","10,47M","1,38%"
"09.12.2021","106.291","108.095","108.095","105.890","11,08M","-1,67%"
"08.12.2021","108.096","107.558","108.521","107.309","13,17M","0,50%"
"07.12.2021","107.558","106.868","108.655","106.868","11,77M","0,65%"
"06.12.2021","106.859","105.070","107.498","105.070","11,13M","1,70%"
"03.12.2021","105.070","104.467","106.814","104.090","14,58M","0,58%"
"02.12.2021","104.466","100.785","104.466","100.785","14,85M","3,66%"
"01.12.2021","100.775","101.916","104.087","100.727","13,76M","-1,12%"
"30.11.2021","101.915","102.814","103.066","100.075","18,20M","-0,87%"
"29.11.2021","102.814","102.227","104.149","102.226","10,28M","0,58%"
"26.11.2021","102.224","105.810","105.810","101.495","10,97M","-3,39%"
"25.11.2021","105.811","104.514","106.400","104.514","7,89M","1,24%"
"24.11.2021","104.514","103.652","105.041","102.464","10,47M","0,83%"
"23.11.2021","103.654","102.124","103.841","101.736","13,03M","1,50%"
"22.11.2021","102.122","103.036","104.613","102.122","10,41M","-0,89%"
"19.11.2021","103.035","102.426","103.975","102.143","11,10M","0,59%"
"18.11.2021","102.426","102.948","103.757","102.014","10,91M","-0,51%"
"17.11.2021","102.948","104.405","105.535","102.551","12,83M","-1,39%"
"16.11.2021","104.404","106.336","106.971","104.113","11,58M","-1,82%"
"12.11.2021","106.335","107.576","107.915","105.842","13,25M","-1,17%"
"11.11.2021","107.595","105.988","108.669","105.988","12,66M","1,54%"
"10.11.2021","105.968","105.535","107.407","105.140","12,28M","0,41%"
"09.11.2021","105.535","104.783","106.674","104.783","11,02M","0,72%"
"08.11.2021","104.781","104.824","105.679","104.182","9,36M","-0,04%"
"05.11.2021","104.824","103.412","105.555","103.412","12,59M","1,37%"
"04.11.2021","103.412","105.617","105.627","102.835","12,08M","-2,09%"
"03.11.2021","105.617","105.547","106.754","104.205","14,70M","0,06%"
"01.11.2021","105.551","103.514","106.136","103.514","10,73M","1,98%"
"29.10.2021","103.501","105.707","105.954","103.430","12,60M","-2,09%"
"28.10.2021","105.705","106.369","107.210","105.282","11,50M","-0,62%"
"27.10.2021","106.363","106.433","108.224","106.045","10,83M","-0,05%"
"26.10.2021","106.420","108.713","108.713","106.321","10,76M","-2,11%"
"25.10.2021","108.715","106.298","109.372","106.296","11,51M","2,28%"
"22.10.2021","106.296","107.714","107.749","102.854","21,17M","-1,34%"
"21.10.2021","107.735","110.767","110.767","105.714","16,51M","-2,75%"
"20.10.2021","110.786","110.677","112.023","110.176","11,74M","0,10%"
"19.10.2021","110.673","114.422","114.422","109.947","14,13M","-3,28%"
"18.10.2021","114.428","114.647","114.927","112.841","11,20M","-0,19%"
"15.10.2021","114.648","113.189","114.776","113.049","11,17M","1,29%"
"14.10.2021","113.185","113.457","113.881","112.708","8,96M","-0,24%"
"13.10.2021","113.456","112.180","114.159","111.807","11,73M","1,14%"
"11.10.2021","112.180","112.834","113.982","112.052","10,28M","-0,58%"
"08.10.2021","112.833","110.586","114.172","110.586","12,87M","2,03%"
"07.10.2021","110.585","110.563","111.522","110.563","10,65M","0,02%"
"06.10.2021","110.560","110.454","110.614","108.180","13,28M","0,09%"
"05.10.2021","110.458","110.397","111.691","110.087","10,38M","0,06%"
"04.10.2021","110.393","112.900","112.900","109.979","11,81M","-2,22%"
"01.10.2021","112.900","110.980","113.020","110.980","10,78M","1,73%"
"30.09.2021","110.979","111.117","112.371","110.743","13,16M","-0,11%"
"29.09.2021","111.107","110.125","112.028","110.125","11,37M","0,89%"
"28.09.2021","110.124","113.584","113.584","109.981","13,19M","-3,05%"
"27.09.2021","113.583","113.283","114.432","112.360","10,74M","0,27%"
"24.09.2021","113.283","114.062","114.062","112.505","9,12M","-0,69%"
"23.09.2021","114.064","112.282","114.330","112.281","11,48M","1,59%"
"22.09.2021","112.282","110.252","113.321","110.251","12,16M","1,84%"
"21.09.2021","110.250","108.859","110.923","108.859","11,25M","1,29%"
"20.09.2021","108.844","111.435","111.435","107.520","11,50M","-2,33%"
"17.09.2021","111.439","113.794","113.794","111.157","14,83M","-2,07%"
"16.09.2021","113.794","115.062","115.062","113.395","10,69M","-1,10%"
"15.09.2021","115.063","116.191","116.312","114.741","9,46M","-0,96%"
"14.09.2021","116.181","116.405","117.270","115.809","9,03M","-0,19%"
"13.09.2021","116.404","114.300","117.046","114.300","9,25M","1,85%"
"10.09.2021","114.286","115.370","116.896","114.286","11,16M","-0,93%"
"09.09.2021","115.361","113.413","116.354","112.435","13,89M","1,72%"
"08.09.2021","113.413","117.866","117.866","113.172","12,32M","-3,78%"
"06.09.2021","117.869","116.926","117.981","116.156","5,11M","0,80%"
"03.09.2021","116.933","116.679","117.396","115.583","12,52M","0,22%"
"02.09.2021","116.677","119.394","119.397","116.534","9,86M","-2,28%"
"01.09.2021","119.396","118.793","119.942","118.067","9,52M","0,52%"
"31.08.2021","118.781","119.738","120.157","117.911","11,54M","-0,80%"
"30.08.2021","119.740","120.677","120.684","119.354","6,39M","-0,78%"
"27.08.2021","120.678","118.725","120.678","118.721","7,32M","1,65%"
"26.08.2021","118.724","120.817","120.833","118.719","8,43M","-1,73%"
"25.08.2021","120.818","120.210","120.818","119.226","7,52M","0,50%"
"24.08.2021","120.211","117.474","120.463","117.474","9,18M","2,33%"
"23.08.2021","117.472","118.053","118.445","117.062","7,85M","-0,49%"
"20.08.2021","118.053","117.163","118.308","116.040","8,93M","0,76%"
"19.08.2021","117.165","116.641","117.453","114.801","10,52M","0,45%"
"18.08.2021","116.643","117.904","118.739","116.489","11,75M","-1,07%"
"17.08.2021","117.904","119.179","119.179","116.248","11,22M","-1,07%"
"16.08.2021","119.180","121.191","121.191","118.684","9,74M","-1,66%"
"13.08.2021","121.194","120.701","121.275","120.045","10,64M","0,41%"
"12.08.2021","120.701","122.056","122.095","120.534","11,07M","-1,11%"
"11.08.2021","122.056","122.203","122.756","120.827","8,69M","-0,12%"
"10.08.2021","122.202","123.021","123.513","122.061","8,30M","-0,66%"
"09.08.2021","123.019","122.809","123.597","122.258","7,17M","0,17%"
"06.08.2021","122.810","121.633","123.287","121.568","7,50M","0,97%"
"05.08.2021","121.633","121.801","123.541","121.128","10,91M","-0,14%"
"04.08.2021","121.801","123.577","123.587","121.072","9,16M","-1,44%"
"03.08.2021","123.577","122.516","123.765","120.807","9,39M","0,87%"
"02.08.2021","122.516","121.803","124.536","121.797","8,57M","0,59%"
"30.07.2021","121.801","125.672","125.673","121.748","9,40M","-3,08%"
"29.07.2021","125.675","126.285","126.476","124.917","7,49M","-0,48%"
"28.07.2021","126.286","124.615","126.712","124.542","9,04M","1,34%"
"27.07.2021","124.612","126.004","126.026","123.670","7,31M","-1,10%"
"26.07.2021","126.004","125.058","126.214","125.006","6,33M","0,76%"
"23.07.2021","125.053","126.140","126.204","124.422","6,05M","-0,87%"
"22.07.2021","126.147","125.930","126.428","125.416","6,48M","0,17%"
"21.07.2021","125.929","125.404","126.112","125.247","7,15M","0,42%"
"20.07.2021","125.401","124.395","125.631","123.631","7,63M","0,81%"
"19.07.2021","124.395","125.958","125.958","123.317","9,21M","-1,24%"
"16.07.2021","125.960","127.468","128.010","125.808","7,36M","-1,18%"
"15.07.2021","127.468","128.407","128.976","126.922","7,42M","-0,73%"
"14.07.2021","128.407","128.169","129.620","128.085","9,21M","0,19%"
"13.07.2021","128.168","127.594","128.420","126.441","7,15M","0,45%"
"12.07.2021","127.594","125.428","127.782","125.428","7,42M","1,73%"
"08.07.2021","125.428","127.013","127.013","124.310","8,88M","-1,25%"
"07.07.2021","127.019","125.096","127.249","125.094","8,15M","1,54%"
"06.07.2021","125.095","126.919","126.919","124.866","7,65M","-1,44%"
"05.07.2021","126.920","127.622","127.633","126.531","5,26M","-0,55%"
"02.07.2021","127.622","125.667","127.672","125.667","7,43M","1,56%"
"01.07.2021","125.666","126.802","127.204","124.994","9,29M","-0,90%"
"30.06.2021","126.802","127.323","127.323","126.199","9,10M","-0,41%"
"29.06.2021","127.327","127.429","127.507","126.184","7,78M","-0,08%"
"28.06.2021","127.429","127.255","128.067","126.629","8,16M","0,14%"
"25.06.2021","127.256","129.513","129.748","126.697","9,36M","-1,74%"
"24.06.2021","129.514","128.433","129.541","128.428","7,24M","0,85%"
"23.06.2021","128.428","128.769","129.901","128.182","7,99M","-0,26%"
"22.06.2021","128.767","129.242","129.259","127.803","9,33M","-0,38%"
"21.06.2021","129.265","128.405","129.412","128.048","7,33M","0,67%"
"18.06.2021","128.405","128.050","128.796","127.595","12,43M","0,27%"
"17.06.2021","128.057","129.259","129.919","127.576","9,66M","-0,93%"
"16.06.2021","129.259","130.091","130.283","128.345","12,88M","-0,64%"
"15.06.2021","130.091","130.208","130.436","129.304","7,21M","-0,09%"
"14.06.2021","130.208","129.441","131.084","129.441","8,16M","0,59%"
"11.06.2021","129.441","130.076","130.294","128.678","7,75M","-0,49%"
"10.06.2021","130.076","129.911","130.527","129.526","8,53M","0,13%"
"09.06.2021","129.907","129.800","130.882","129.281","9,84M","0,09%"
"08.06.2021","129.787","130.776","130.776","129.230","10,35M","-0,76%"
"07.06.2021","130.776","130.125","131.190","129.498","9,66M","0,50%"
"04.06.2021","130.126","129.600","130.137","129.148","9,81M","0,40%"
"02.06.2021","129.601","128.268","129.601","128.167","12,78M","1,04%"
"01.06.2021","128.267","126.218","128.363","126.218","12,50M","1,63%"
"31.05.2021","126.216","125.561","126.216","125.540","5,95M","0,52%"
"28.05.2021","125.561","124.367","125.698","124.284","8,85M","0,96%"
"27.05.2021","124.367","123.989","124.537","123.470","13,14M","0,30%"
"26.05.2021","123.989","122.988","124.256","122.988","8,26M","0,81%"
"25.05.2021","122.988","124.032","124.696","122.701","8,91M","-0,84%"
"24.05.2021","124.032","122.592","124.167","122.526","8,19M","1,17%"
"21.05.2021","122.592","122.701","122.799","121.760","9,49M","-0,09%"
"20.05.2021","122.701","122.636","122.734","122.136","7,91M","0,05%"
"19.05.2021","122.636","122.976","123.013","121.595","8,83M","-0,28%"
"18.05.2021","122.980","122.937","123.544","122.550","7,84M","0,03%"
"17.05.2021","122.938","121.880","123.074","121.680","7,41M","0,87%"
"14.05.2021","121.881","120.719","122.195","120.719","10,14M","0,97%"
"13.05.2021","120.706","119.711","121.426","119.711","9,36M","0,83%"
"12.05.2021","119.710","122.964","122.964","119.458","9,41M","-2,65%"
"11.05.2021","122.964","121.904","122.964","120.145","7,99M","0,87%"
"10.05.2021","121.909","122.038","122.772","121.795","8,22M","-0,11%"
"07.05.2021","122.038","119.922","122.038","119.922","8,87M","1,77%"
"06.05.2021","119.921","119.577","119.966","119.071","8,78M","0,30%"
"05.05.2021","119.564","117.725","119.734","117.725","9,06M","1,57%"
"04.05.2021","117.712","119.209","119.293","117.631","8,77M","-1,26%"
"03.05.2021","119.209","118.951","119.904","118.528","8,89M","0,27%"
"30.04.2021","118.894","120.064","120.125","118.894","11,09M","-0,98%"
"29.04.2021","120.066","121.053","121.498","119.703","8,50M","-0,82%"
"28.04.2021","121.053","119.392","121.276","119.392","9,08M","1,39%"
"27.04.2021","119.388","120.595","121.012","119.003","8,36M","-1,00%"
"26.04.2021","120.595","120.534","121.393","119.860","7,10M","0,05%"
"23.04.2021","120.530","119.372","120.815","119.372","7,62M","0,97%"
"22.04.2021","119.371","120.064","120.995","119.203","8,60M","-0,58%"
"20.04.2021","120.062","120.925","121.354","119.841","7,81M","-0,72%"
"19.04.2021","120.934","121.116","121.974","120.682","10,03M","-0,15%"
"16.04.2021","121.114","120.701","121.333","120.199","7,95M","0,34%"
"15.04.2021","120.701","120.290","121.409","120.084","7,95M","0,34%"
"14.04.2021","120.295","119.298","120.871","119.298","10,08M","0,84%"
"13.04.2021","119.297","118.809","119.529","118.041","8,98M","0,41%"
"12.04.2021","118.812","117.661","118.812","117.661","7,00M","0,97%"
"09.04.2021","117.670","118.313","118.643","117.336","7,74M","-0,54%"
"08.04.2021","118.313","117.624","118.850","117.486","8,78M","0,59%"
"07.04.2021","117.624","117.499","118.303","116.748","8,54M","0,11%"
"06.04.2021","117.499","117.519","118.213","117.176","6,80M","-0,02%"
"05.04.2021","117.518","115.262","117.668","115.262","7,25M","1,97%"
"01.04.2021","115.253","116.644","117.088","114.991","8,02M","-1,18%"
"31.03.2021","116.634","116.850","117.249","115.932","10,66M","-0,18%"
"30.03.2021","116.850","115.414","117.090","114.999","8,14M","1,24%"
"29.03.2021","115.419","114.776","115.553","114.096","7,46M","0,56%"
"26.03.2021","114.781","113.750","115.416","113.305","8,66M","0,91%"
"25.03.2021","113.750","112.065","114.024","110.927","10,31M","1,50%"
"24.03.2021","112.064","113.272","114.823","112.064","9,83M","-1,06%"
"23.03.2021","113.262","114.977","115.599","113.062","8,30M","-1,49%"
"22.03.2021","114.979","116.222","116.225","113.620","8,16M","-1,07%"
"19.03.2021","116.222","114.837","116.446","114.610","12,34M","1,21%"
"18.03.2021","114.835","116.549","116.751","114.302","9,92M","-1,47%"
"17.03.2021","116.549","114.018","116.736","113.428","9,43M","2,22%"
"16.03.2021","114.019","114.845","114.974","113.370","7,80M","-0,72%"
"15.03.2021","114.851","114.093","114.903","113.635","8,22M","0,60%"
"12.03.2021","114.160","114.984","114.984","113.253","8,11M","-0,72%"
"11.03.2021","114.984","112.782","115.127","112.776","12,09M","1,96%"
"10.03.2021","112.776","111.331","112.928","109.999","12,51M","1,30%"
"09.03.2021","111.331","110.611","112.525","109.343","12,14M","0,65%"
"08.03.2021","110.612","115.202","115.202","110.268","13,70M","-3,98%"
"05.03.2021","115.202","112.690","115.504","112.504","13,25M","2,23%"
"04.03.2021","112.690","111.191","114.433","111.163","14,22M","1,35%"
"03.03.2021","111.184","111.529","112.398","107.466","15,14M","-0,32%"
"02.03.2021","111.540","110.328","112.428","107.319","14,82M","1,09%"
"01.03.2021","110.335","110.036","112.445","110.036","11,24M","0,27%"
"26.02.2021","110.035","112.260","113.466","109.827","14,62M","-1,98%"
"25.02.2021","112.256","115.668","116.506","111.764","12,47M","-2,95%"
"24.02.2021","115.668","115.229","116.208","114.668","11,40M","0,38%"
"23.02.2021","115.227","112.676","115.380","112.667","15,17M","2,27%"
"22.02.2021","112.668","118.388","118.388","111.650","21,77M","-4,87%"
"19.02.2021","118.431","119.199","119.250","117.867","10,40M","-0,64%"
"18.02.2021","119.199","120.361","120.845","118.515","10,72M","-0,96%"
"17.02.2021","120.356","119.421","120.597","118.880","8,33M","0,78%"
"12.02.2021","119.429","119.300","119.763","118.163","7,66M","0,11%"
"11.02.2021","119.300","118.440","120.283","118.440","7,57M","0,73%"
"10.02.2021","118.435","119.472","119.738","117.970","8,64M","-0,87%"
"09.02.2021","119.472","119.696","119.975","118.246","7,91M","-0,19%"
"08.02.2021","119.696","120.239","120.844","119.140","8,62M","-0,45%"
"05.02.2021","120.240","119.261","121.117","119.261","8,21M","0,82%"
"04.02.2021","119.261","119.728","120.560","118.918","8,10M","-0,39%"
"03.02.2021","119.725","118.235","120.210","118.234","8,70M","1,26%"
"02.02.2021","118.234","117.520","119.805","117.519","11,63M","0,61%"
"01.02.2021","117.518","115.093","117.862","115.093","8,72M","2,13%"
"29.01.2021","115.068","118.880","118.880","114.973","10,97M","-3,21%"
"28.01.2021","118.883","115.882","119.355","115.734","12,07M","2,59%"
"27.01.2021","115.882","116.463","117.840","114.887","12,38M","-0,50%"
"26.01.2021","116.464","117.381","119.167","116.109","10,68M","-0,78%"
"22.01.2021","117.380","118.318","118.318","116.109","9,37M","-0,80%"
"21.01.2021","118.329","119.628","120.243","117.785","8,57M","-1,10%"
"20.01.2021","119.646","120.645","121.449","118.740","7,95M","-0,82%"
"19.01.2021","120.636","121.250","122.120","119.257","7,89M","-0,50%"
"18.01.2021","121.242","120.351","122.586","120.351","7,22M","0,74%"
"15.01.2021","120.349","123.472","123.472","120.185","9,39M","-2,54%"
"14.01.2021","123.481","121.947","123.896","121.947","8,97M","1,27%"
"13.01.2021","121.933","123.996","124.032","121.016","10,29M","-1,67%"
"12.01.2021","123.998","123.255","124.584","123.227","8,95M","0,60%"
"11.01.2021","123.255","125.075","125.075","122.506","9,54M","-1,46%"
"08.01.2021","125.077","122.387","125.324","122.386","11,09M","2,20%"
"07.01.2021","122.386","119.103","122.697","119.101","11,77M","2,76%"
"06.01.2021","119.100","119.377","120.924","118.917","11,64M","-0,23%"
"05.01.2021","119.376","118.835","119.790","116.756","9,26M","0,44%"
"04.01.2021","118.855","119.024","120.354","118.062","8,74M","-0,14%"